{
  "name": "moment",
  "license": "MIT",
  "main": "moment.js",
  "ignore": [
    "**/.*",
    "benchmarks",
    "bower_components",
    "meteor",
    "node_modules",
    "scripts",
    "tasks",
    "test",
    "component.json",
    "composer.json",
    "CONTRIBUTING.md",
    "ender.js",
    "Gruntfile.js",
    "Moment.js.nuspec",
    "package.js",
    "package.json",
    "ISSUE_TEMPLATE.md",
    "typing-tests",
    "min/tests.js"
  ],
  "homepage": "https://github.com/moment/moment",
  "version": "2.22.2",
  "_release": "2.22.2",
  "_resolution": {
    "type": "version",
    "tag": "2.22.2",
    "commit": "a6e564b3813cc19aac6c3a3822df2780d6eef753"
  },
  "_source": "https://github.com/moment/moment.git",
  "_target": ">=2.10.5",
  "_originalSource": "moment"
}